ID,drug1,drug2,diff
1,0.7,1.9,-1.2
2,-1.6,0.8,-2.4000000000000004
3,-0.2,1.1,-1.3
4,-1.2,0.1,-1.3
5,-0.1,-0.1,0
6,3.4,4.4,-1.0000000000000004
7,3.7,5.5,-1.7999999999999998
8,0.8,1.6,-0.8
9,0,4.6,-4.6
10,2,3.4,-1.4
